screen_id,region,preset,symbol,name,sector,appearances,run_count,rate,current_streak,longest_streak,first_date,last_date,latest_score,mean_score,score_delta,is_new,is_gone
jp_alpha,jp,alpha,2121.T,MIXI. INC,,4,4,1.0000,4,4,2026-03-07,2026-09-20,102.35,120.24,-26.84,0,0
jp_alpha,jp,alpha,6371.T,TSUBAKIMOTO CHAIN CO,,3,4,0.7500,1,2,2026-03-07,2026-09-20,102.22,108.32,-9.11,0,0
jp_alpha,jp,alpha,9025.T,KONOIKE TRANSPORT CO LIMITED,,3,4,0.7500,0,3,2026-03-07,2026-05-25,119.09,117.62,2.41,0,0
jp_alpha,jp,alpha,9201.T,JAPAN AIRLINES CO LTD,,3,4,0.7500,0,3,2026-03-07,2026-05-25,115.52,113.91,2.41,0,0
jp_alpha,jp,alpha,9503.T,KANSAI ELECTRIC POWER CO INC,,3,4,0.7500,0,3,2026-03-07,2026-05-25,103.29,122.46,-28.76,0,0
jp_alpha,jp,alpha,1766.T,TOKEN CORPORATION,,3,4,0.7500,0,3,2026-03-07,2026-05-25,101.94,105.83,-5.83,0,0
jp_alpha,jp,alpha,5110.T,SUMITOMO RUBBER INDUSTRIES,,2,4,0.5000,2,2,2026-05-25,2026-09-20,113.72,113.22,1.00,0,0
jp_alpha,jp,alpha,5101.T,YOKOHAMA RUBBER CO,,2,4,0.5000,2,2,2026-05-25,2026-09-20,109.01,107.18,3.66,0,0
jp_alpha,jp,alpha,8309.T,SUMITOMO MITSUI TRUST GP INC,,2,4,0.5000,0,2,2026-03-07,2026-03-08,123.47,123.47,0.00,0,0
jp_alpha,jp,alpha,4043.T,TOKUYAMA CORP,,2,4,0.5000,0,2,2026-03-07,2026-03-08,122.71,122.71,0.00,0,0
jp_alpha,jp,alpha,9507.T,SHIKOKU ELECTRIC POWER CO INC,,2,4,0.5000,0,2,2026-03-07,2026-03-08,119.32,119.32,0.00,0,0
jp_alpha,jp,alpha,9508.T,KYUSHU ELECTRIC POWER CO INC,,2,4,0.5000,0,2,2026-03-07,2026-03-08,117.82,117.78,0.07,0,0
jp_alpha,jp,alpha,9110.T,NS UNITED KAIUN KA,,2,4,0.5000,0,2,2026-03-07,2026-03-08,114.83,114.83,0.00,0,0
jp_alpha,jp,alpha,6250.T,YAMABIKO CORPORATION,,2,4,0.5000,0,2,2026-03-07,2026-03-08,111.88,111.88,0.00,0,0
jp_alpha,jp,alpha,4202.T,DAICEL CORPORATION,,2,4,0.5000,0,2,2026-03-07,2026-03-08,111.76,111.76,0.00,0,0
jp_alpha,jp,alpha,2432.T,DENA CO LTD,,2,4,0.5000,0,2,2026-03-07,2026-03-08,110.74,110.79,-0.10,0,0
jp_alpha,jp,alpha,7283.T,AISAN INDUSTRY CO,,2,4,0.5000,0,2,2026-03-07,2026-03-08,109.50,109.50,0.00,0,0
jp_alpha,jp,alpha,8131.T,MITSUUROKO GROUP HOLDINGS CO LT,,2,4,0.5000,0,2,2026-03-07,2026-03-08,109.19,109.19,0.00,0,0
jp_alpha,jp,alpha,6455.T,MORITA HOLDINGS,,2,4,0.5000,0,2,2026-03-07,2026-03-08,109.14,109.14,0.00,0,0
jp_alpha,jp,alpha,9045.T,KEIHAN HOLDINGS CO LTD,,2,4,0.5000,0,2,2026-03-07,2026-03-08,109.00,108.98,0.04,0,0
jp_alpha,jp,alpha,5440.T,KYOEI STEEL LTD,,2,4,0.5000,0,2,2026-03-07,2026-03-08,108.64,108.64,0.00,0,0
jp_alpha,jp,alpha,4526.T,RIKEN VITAMIN CO,,2,4,0.5000,0,2,2026-03-07,2026-03-08,106.83,106.83,0.00,0,0
jp_alpha,jp,alpha,5076.T,INFRONEER HLDGS INC,,1,4,0.2500,1,1,2026-09-20,2026-09-20,131.73,131.73,,0,0
jp_alpha,jp,alpha,8473.T,SBI HOLDINGS INC,,1,4,0.2500,1,1,2026-09-20,2026-09-20,128.59,128.59,,0,0
jp_alpha,jp,alpha,7282.T,TOYODA GOSEI,,1,4,0.2500,1,1,2026-09-20,2026-09-20,127.39,127.39,,0,0
jp_alpha,jp,alpha,8609.T,OKASAN SECURITIES GROUP INC,,1,4,0.2500,1,1,2026-09-20,2026-09-20,118.74,118.74,,0,0
jp_alpha,jp,alpha,1879.T,SHINNIHON CORP,,1,4,0.2500,1,1,2026-09-20,2026-09-20,117.49,117.49,,0,0
jp_alpha,jp,alpha,1860.T,TODA CORP,,1,4,0.2500,1,1,2026-09-20,2026-09-20,111.85,111.85,,0,0
jp_alpha,jp,alpha,7419.T,NOJIMA CORP,,1,4,0.2500,1,1,2026-09-20,2026-09-20,111.72,111.72,,0,0
jp_alpha,jp,alpha,9031.T,NISHI-NIPPON RAILROAD CO,,1,4,0.2500,1,1,2026-09-20,2026-09-20,110.21,110.21,,0,0
jp_alpha,jp,alpha,6395.T,TADANO LTD,,1,4,0.2500,1,1,2026-09-20,2026-09-20,109.73,109.73,,0,0
jp_alpha,jp,alpha,7224.T,SHINMAYWA INDUSTRIES,,1,4,0.2500,1,1,2026-09-20,2026-09-20,109.15,109.15,,0,0
jp_alpha,jp,alpha,8601.T,DAIWA SECURITIES GROUP,,1,4,0.2500,1,1,2026-09-20,2026-09-20,108.28,108.28,,0,0
jp_alpha,jp,alpha,1808.T,HASEKO CORPORATION,,1,4,0.2500,1,1,2026-09-20,2026-09-20,106.11,106.11,,0,0
jp_alpha,jp,alpha,1720.T,TOKYU CONSTRUCTION CO(NEW),,1,4,0.2500,1,1,2026-09-20,2026-09-20,104.82,104.82,,0,0
jp_alpha,jp,alpha,9022.T,CENTRAL JAPAN RAILWAY CO,,1,4,0.2500,1,1,2026-09-20,2026-09-20,102.56,102.56,,0,0
jp_alpha,jp,alpha,1885.T,TOA CORPORATION (CONST),,1,4,0.2500,1,1,2026-09-20,2026-09-20,102.24,102.24,,0,0
jp_alpha,jp,alpha,4633.T,SAKATA INX CORP,,1,4,0.2500,1,1,2026-09-20,2026-09-20,101.59,101.59,,0,0
jp_alpha,jp,alpha,6448.T,BROTHER INDUSTRIES,,1,4,0.2500,1,1,2026-09-20,2026-09-20,101.38,101.38,,0,0
jp_alpha,jp,alpha,3296.T,NIPPON REIT INVESTMENT CORPORAT,,1,4,0.2500,1,1,2026-09-20,2026-09-20,100.14,100.14,,0,0
jp_alpha,jp,alpha,8074.T,YUASA CO LTD,,1,4,0.2500,1,1,2026-09-20,2026-09-20,100.06,100.06,,0,0
jp_alpha,jp,alpha,1719.T,HAZAMA ANDO CORP,,1,4,0.2500,1,1,2026-09-20,2026-09-20,98.93,98.93,,0,0
jp_alpha,jp,alpha,9021.T,WEST JAPAN RAILWAY CO,,1,4,0.2500,1,1,2026-09-20,2026-09-20,98.91,98.91,,0,0
jp_alpha,jp,alpha,3148.T,CREATE SD HOLDINGS CO LTD,,1,4,0.2500,1,1,2026-09-20,2026-09-20,98.74,98.74,,0,0
jp_alpha,jp,alpha,1861.T,KUMAGAI GUMI CO,,1,4,0.2500,1,1,2026-09-20,2026-09-20,98.60,98.60,,0,0
jp_alpha,jp,alpha,3289.T,TOKYU FUDOSAN HOLDINGS CORPORAT,,1,4,0.2500,1,1,2026-09-20,2026-09-20,98.28,98.28,,0,0
jp_alpha,jp,alpha,4507.T,SHIONOGI & CO,,1,4,0.2500,1,1,2026-09-20,2026-09-20,97.77,97.77,,0,0
jp_alpha,jp,alpha,9037.T,HAMAKYOREX CO LTD,,1,4,0.2500,1,1,2026-09-20,2026-09-20,97.71,97.71,,0,0
jp_alpha,jp,alpha,7296.T,F.C.C. CO LTD,,1,4,0.2500,0,1,2026-05-25,2026-05-25,118.25,118.25,,0,0
jp_alpha,jp,alpha,1662.T,JAPAN PETROLEUM EXPLORATION CO ,,1,4,0.2500,0,1,2026-05-25,2026-05-25,118.00,118.00,,0,0
jp_alpha,jp,alpha,1333.T,UMIOS CORP,,1,4,0.2500,0,1,2026-05-25,2026-05-25,116.22,116.22,,0,0
jp_alpha,jp,alpha,6750.T,ELECOM CO,,1,4,0.2500,0,1,2026-05-25,2026-05-25,111.10,111.10,,0,0
jp_alpha,jp,alpha,8975.T,ICHIGO OFFICE REITINVESTMENT CO,,1,4,0.2500,0,1,2026-05-25,2026-05-25,108.86,108.86,,0,0
jp_alpha,jp,alpha,9505.T,HOKURIKU ELECTRIC POWER CO,,1,4,0.2500,0,1,2026-05-25,2026-05-25,108.69,108.69,,0,0
jp_alpha,jp,alpha,8154.T,KAGA ELECTRONICS CO,,1,4,0.2500,0,1,2026-05-25,2026-05-25,107.36,107.36,,0,0
jp_alpha,jp,alpha,3291.T,IIDA GROUP HOLDINGS CO LTD,,1,4,0.2500,0,1,2026-05-25,2026-05-25,105.11,105.11,,0,0
jp_alpha,jp,alpha,9107.T,KAWASAKI KISEN KAISHA,,1,4,0.2500,0,1,2026-05-25,2026-05-25,104.67,104.67,,0,0
jp_alpha,jp,alpha,9513.T,ELECTRIC POWER DEVELOPMENT,,1,4,0.2500,0,1,2026-05-25,2026-05-25,103.82,103.82,,0,0
jp_alpha,jp,alpha,8098.T,INABATA & CO,,1,4,0.2500,0,1,2026-05-25,2026-05-25,103.71,103.71,,0,0
jp_alpha,jp,alpha,8985.T,JAPAN HOTEL REIT INVESTMENT COR,,1,4,0.2500,0,1,2026-05-25,2026-05-25,101.90,101.90,,0,0
jp_alpha,jp,alpha,5857.T,ARE HOLDINGS INC,,1,4,0.2500,0,1,2026-05-25,2026-05-25,101.79,101.79,,0,0
japan_minervini,japan,minervini,5801.T,,,4,4,1.0000,4,4,2026-03-09,2026-05-25,,,,0,0
japan_minervini,japan,minervini,5802.T,,,4,4,1.0000,4,4,2026-03-09,2026-05-25,,,,0,0
japan_minervini,japan,minervini,5713.T,,,4,4,1.0000,4,4,2026-03-09,2026-05-25,,,,0,0
japan_minervini,japan,minervini,5803.T,,,4,4,1.0000,4,4,2026-03-09,2026-05-25,,,,0,0
japan_minervini,japan,minervini,5333.T,,,4,4,1.0000,4,4,2026-03-09,2026-05-25,,,,0,0
japan_minervini,japan,minervini,4062.T,,,4,4,1.0000,4,4,2026-03-09,2026-05-25,,,,0,0
japan_minervini,japan,minervini,6857.T,,,4,4,1.0000,4,4,2026-03-09,2026-05-25,,,,0,0
japan_minervini,japan,minervini,6920.T,,,4,4,1.0000,4,4,2026-03-09,2026-05-25,,,,0,0
japan_minervini,japan,minervini,6503.T,,,4,4,1.0000,4,4,2026-03-09,2026-05-25,,,,0,0
japan_minervini,japan,minervini,6981.T,,,3,4,0.7500,3,3,2026-05-06,2026-05-25,,,,0,0
japan_minervini,japan,minervini,8035.T,,,3,4,0.7500,3,3,2026-05-06,2026-05-25,,,,0,0
japan_minervini,japan,minervini,6504.T,,,3,4,0.7500,3,3,2026-05-06,2026-05-25,,,,0,0
japan_minervini,japan,minervini,9984.T,,,3,4,0.7500,3,3,2026-05-06,2026-05-25,,,,0,0
japan_minervini,japan,minervini,1942.T,,,3,4,0.7500,0,3,2026-03-09,2026-05-07,,,,0,0
japan_minervini,japan,minervini,8015.T,,,3,4,0.7500,0,3,2026-03-09,2026-05-07,,,,0,0
japan_minervini,japan,minervini,1803.T,,,3,4,0.7500,0,3,2026-03-09,2026-05-07,,,,0,0
japan_minervini,japan,minervini,6361.T,,,3,4,0.7500,0,3,2026-03-09,2026-05-07,,,,0,0
japan_minervini,japan,minervini,1944.T,,,3,4,0.7500,0,3,2026-03-09,2026-05-07,,,,0,0
japan_minervini,japan,minervini,6525.T,,,3,4,0.7500,0,3,2026-03-09,2026-05-07,,,,0,0
japan_minervini,japan,minervini,7182.T,,,2,4,0.5000,1,1,2026-03-09,2026-05-25,,,,0,0
japan_minervini,japan,minervini,8053.T,,,2,4,0.5000,0,2,2026-05-06,2026-05-07,,,,0,0
japan_minervini,japan,minervini,285A.T,,,1,4,0.2500,1,1,2026-05-25,2026-05-25,,,,0,0
japan_minervini,japan,minervini,6762.T,,,1,4,0.2500,1,1,2026-05-25,2026-05-25,,,,0,0
japan_minervini,japan,minervini,5334.T,,,1,4,0.2500,1,1,2026-05-25,2026-05-25,,,,0,0
japan_minervini,japan,minervini,8591.T,,,1,4,0.2500,1,1,2026-05-25,2026-05-25,,,,0,0
japan_minervini,japan,minervini,5706.T,,,1,4,0.2500,1,1,2026-05-25,2026-05-25,,,,0,0
japan_minervini,japan,minervini,6954.T,,,1,4,0.2500,1,1,2026-05-25,2026-05-25,,,,0,0
japan_minervini,japan,minervini,8802.T,,,1,4,0.2500,0,1,2026-03-09,2026-03-09,,,,0,0
japan_minervini,japan,minervini,1802.T,,,1,4,0.2500,0,1,2026-03-09,2026-03-09,,,,0,0
japan_minervini,japan,minervini,2768.T,,,1,4,0.2500,0,1,2026-03-09,2026-03-09,,,,0,0
japan_minervini,japan,minervini,9532.T,,,1,4,0.2500,0,1,2026-03-09,2026-03-09,,,,0,0
jp_turnover-ratio,jp,turnover-ratio,5801.T,FURUKAWA ELECTRIC CO,,3,3,1.0000,3,3,2026-04-15,2026-05-24,59.42,59.78,-0.89,0,0
jp_turnover-ratio,jp,turnover-ratio,3110.T,NITTO BOSEKI CO,,3,3,1.0000,3,3,2026-04-15,2026-05-24,57.58,56.39,3.98,0,0
jp_turnover-ratio,jp,turnover-ratio,6526.T,SOCIONEXT INC,,3,3,1.0000,3,3,2026-04-15,2026-05-24,56.87,53.66,9.21,0,0
jp_turnover-ratio,jp,turnover-ratio,7003.T,MITSUI E&S CO LTD,,3,3,1.0000,3,3,2026-04-15,2026-05-24,56.36,54.84,5.03,0,0
jp_turnover-ratio,jp,turnover-ratio,285A.T,KIOXIA HOLDINGS CORPORATION,,3,3,1.0000,3,3,2026-04-15,2026-05-24,54.06,54.23,-2.03,0,0
jp_turnover-ratio,jp,turnover-ratio,7261.T,MAZDA MOTOR CORP,,3,3,1.0000,3,3,2026-04-15,2026-05-24,53.23,51.23,6.65,0,0
jp_turnover-ratio,jp,turnover-ratio,5803.T,FUJIKURA,,3,3,1.0000,3,3,2026-04-15,2026-05-24,52.90,50.48,5.67,0,0
jp_turnover-ratio,jp,turnover-ratio,9501.T,TOKYO ELEC POWER CO HLDGS INC,,3,3,1.0000,3,3,2026-04-15,2026-05-24,52.17,54.18,-4.34,0,0
jp_turnover-ratio,jp,turnover-ratio,5706.T,MITSUI KINZOKU CO LTD,,3,3,1.0000,3,3,2026-04-15,2026-05-24,51.11,49.76,4.74,0,0
jp_turnover-ratio,jp,turnover-ratio,3436.T,SUMCO CORPORATION,,3,3,1.0000,3,3,2026-04-15,2026-05-24,50.87,50.08,4.50,0,0
jp_turnover-ratio,jp,turnover-ratio,5016.T,JX ADVANCED METALS CORPORATION,,3,3,1.0000,3,3,2026-04-15,2026-05-24,48.50,48.54,0.54,0,0
jp_turnover-ratio,jp,turnover-ratio,4506.T,SUMITOMO PHARMA CO LTD,,3,3,1.0000,3,3,2026-04-15,2026-05-24,48.09,48.68,-0.27,0,0
jp_turnover-ratio,jp,turnover-ratio,485A.T,POWERX INC,,2,3,0.6667,2,2,2026-05-22,2026-05-24,53.34,54.21,-1.74,0,0
jp_turnover-ratio,jp,turnover-ratio,6976.T,TAIYO YUDEN CO LTD,,2,3,0.6667,2,2,2026-05-22,2026-05-24,51.50,50.70,1.59,0,0
jp_turnover-ratio,jp,turnover-ratio,7173.T,TOKYO KIRABOSHI FINANCIAL GP IN,,2,3,0.6667,2,2,2026-05-22,2026-05-24,51.23,50.50,1.46,0,0
jp_turnover-ratio,jp,turnover-ratio,5076.T,INFRONEER HLDGS INC,,2,3,0.6667,2,2,2026-05-22,2026-05-24,50.26,51.17,-1.82,0,0
jp_turnover-ratio,jp,turnover-ratio,6590.T,SHIBAURA MECHATRONICS CO,,2,3,0.6667,2,2,2026-05-22,2026-05-24,49.59,50.32,-1.46,0,0
jp_turnover-ratio,jp,turnover-ratio,7220.T,MUSASHI SEIMITSU IND,,2,3,0.6667,2,2,2026-05-22,2026-05-24,48.94,49.95,-2.03,0,0
jp_turnover-ratio,jp,turnover-ratio,3350.T,METAPLANET INC,,2,3,0.6667,2,2,2026-05-22,2026-05-24,48.13,49.58,-2.90,0,0
jp_turnover-ratio,jp,turnover-ratio,6525.T,KOKUSAI ELECTRIC CORPORATION,,1,3,0.3333,1,1,2026-05-24,2026-05-24,48.71,48.71,,0,0
jp_turnover-ratio,jp,turnover-ratio,9104.T,MITSUI O.S.K. LINES LTD,,1,3,0.3333,0,1,2026-04-15,2026-04-15,54.22,54.22,,0,0
jp_turnover-ratio,jp,turnover-ratio,6920.T,LASERTEC CORP,,1,3,0.3333,0,1,2026-04-15,2026-04-15,53.46,53.46,,0,0
jp_turnover-ratio,jp,turnover-ratio,6890.T,FERROTEC CORPORATION,,1,3,0.3333,0,1,2026-05-22,2026-05-22,49.87,49.87,,0,0
jp_turnover-ratio,jp,turnover-ratio,9107.T,KAWASAKI KISEN KAISHA,,1,3,0.3333,0,1,2026-04-15,2026-04-15,49.37,49.37,,0,0
jp_turnover-ratio,jp,turnover-ratio,6269.T,MODEC INC(JAPAN),,1,3,0.3333,0,1,2026-04-15,2026-04-15,48.28,48.28,,0,0
jp_turnover-ratio,jp,turnover-ratio,9101.T,NIPPON YUSEN KABUSHIKI KAISHA,,1,3,0.3333,0,1,2026-04-15,2026-04-15,47.80,47.80,,0,0
jp_turnover-ratio,jp,turnover-ratio,1662.T,JAPAN PETROLEUM EXPLORATION CO ,,1,3,0.3333,0,1,2026-04-15,2026-04-15,47.63,47.63,,0,0
jp_turnover-ratio,jp,turnover-ratio,9513.T,ELECTRIC POWER DEVELOPMENT,,1,3,0.3333,0,1,2026-04-15,2026-04-15,46.71,46.71,,0,0
jp_turnover-ratio,jp,turnover-ratio,1605.T,INPEX CORPORATION,,1,3,0.3333,0,1,2026-04-15,2026-04-15,45.83,45.83,,0,0
jp_quality,jp,quality,9506.T,TOHOKU ELECTRIC POWER CO INC,,2,2,1.0000,2,2,2026-03-09,2026-05-25,48.15,48.44,-0.58,0,0
jp_quality,jp,quality,1911.T,SUMITOMO FORESTRY CO,,2,2,1.0000,2,2,2026-03-09,2026-05-25,44.79,41.80,5.99,0,0
jp_quality,jp,quality,5406.T,KOBE STEEL,,2,2,1.0000,2,2,2026-03-09,2026-05-25,44.68,44.90,-0.44,0,0
jp_quality,jp,quality,7181.T,JAPAN POST INSURANCE CO LTD,,2,2,1.0000,2,2,2026-03-09,2026-05-25,43.97,42.75,2.45,0,0
jp_quality,jp,quality,9508.T,KYUSHU ELECTRIC POWER CO INC,,2,2,1.0000,2,2,2026-03-09,2026-05-25,43.93,43.77,0.31,0,0
jp_quality,jp,quality,9503.T,KANSAI ELECTRIC POWER CO INC,,2,2,1.0000,2,2,2026-03-09,2026-05-25,43.29,43.02,0.55,0,0
jp_quality,jp,quality,5110.T,SUMITOMO RUBBER INDUSTRIES,,2,2,1.0000,2,2,2026-03-09,2026-05-25,42.72,41.00,3.43,0,0
jp_quality,jp,quality,9104.T,MITSUI O.S.K. LINES LTD,,2,2,1.0000,2,2,2026-03-09,2026-05-25,42.02,42.04,-0.04,0,0
jp_quality,jp,quality,9201.T,JAPAN AIRLINES CO LTD,,2,2,1.0000,2,2,2026-03-09,2026-05-25,40.52,39.67,1.71,0,0
jp_quality,jp,quality,9101.T,NIPPON YUSEN KABUSHIKI KAISHA,,2,2,1.0000,2,2,2026-03-09,2026-05-25,40.45,41.09,-1.27,0,0
jp_quality,jp,quality,9107.T,KAWASAKI KISEN KAISHA,,2,2,1.0000,2,2,2026-03-09,2026-05-25,39.67,40.51,-1.68,0,0
jp_quality,jp,quality,3291.T,IIDA GROUP HOLDINGS CO LTD,,1,2,0.5000,1,1,2026-05-25,2026-05-25,45.11,45.11,,0,0
jp_quality,jp,quality,3231.T,NOMURA REAL ESTATE HOLDINGS INC,,1,2,0.5000,1,1,2026-05-25,2026-05-25,41.05,41.05,,0,0
jp_quality,jp,quality,5021.T,COSMO ENERGY HLDGS CO LTD,,1,2,0.5000,1,1,2026-05-25,2026-05-25,40.81,40.81,,0,0
jp_quality,jp,quality,8253.T,CREDIT SAISON CO,,1,2,0.5000,1,1,2026-05-25,2026-05-25,40.52,40.52,,0,0
jp_quality,jp,quality,5901.T,TOYO SEIKAN GROUP HOLDINGS LIMI,,1,2,0.5000,1,1,2026-05-25,2026-05-25,40.35,40.35,,0,0
jp_quality,jp,quality,8572.T,ACOM CO,,1,2,0.5000,1,1,2026-05-25,2026-05-25,40.28,40.28,,0,0
jp_quality,jp,quality,9502.T,CHUBU ELECTRIC POWER CO INC,,1,2,0.5000,1,1,2026-05-25,2026-05-25,40.04,40.04,,0,0
jp_quality,jp,quality,5076.T,INFRONEER HLDGS INC,,1,2,0.5000,1,1,2026-05-25,2026-05-25,39.86,39.86,,0,0
jp_quality,jp,quality,1928.T,SEKISUI HOUSE,,1,2,0.5000,1,1,2026-05-25,2026-05-25,39.33,39.33,,0,0
jp_quality,jp,quality,9504.T,CHUGOKU ELECTRIC POWER CO INC,,1,2,0.5000,0,1,2026-03-09,2026-03-09,48.15,48.15,,0,0
jp_quality,jp,quality,7267.T,HONDA MOTOR CO,,1,2,0.5000,0,1,2026-03-09,2026-03-09,45.24,45.24,,0,0
jp_quality,jp,quality,9507.T,SHIKOKU ELECTRIC POWER CO INC,,1,2,0.5000,0,1,2026-03-09,2026-03-09,44.80,44.80,,0,0
jp_quality,jp,quality,9513.T,ELECTRIC POWER DEVELOPMENT,,1,2,0.5000,0,1,2026-03-09,2026-03-09,44.59,44.59,,0,0
jp_quality,jp,quality,4118.T,KANEKA CORP,,1,2,0.5000,0,1,2026-03-09,2026-03-09,40.02,40.02,,0,0
jp_quality,jp,quality,8604.T,NOMURA HOLDINGS INC.,,1,2,0.5000,0,1,2026-03-09,2026-03-09,39.43,39.43,,0,0
jp_quality,jp,quality,8439.T,TOKYO CENTURY CORPORATION,,1,2,0.5000,0,1,2026-03-09,2026-03-09,39.21,39.21,,0,0
jp_quality,jp,quality,5101.T,YOKOHAMA RUBBER CO,,1,2,0.5000,0,1,2026-03-09,2026-03-09,38.50,38.50,,0,0
jp_quality,jp,quality,4005.T,SUMITOMO CHEMICAL COMPANY,,1,2,0.5000,0,1,2026-03-09,2026-03-09,38.49,38.49,,0,0
jp_pullback,jp,pullback,6770.T,ALPS ALPINE CO LTD,,2,2,1.0000,2,2,2026-03-09,2026-05-25,,,,0,0
jp_pullback,jp,pullback,9104.T,MITSUI O.S.K. LINES LTD,,1,2,0.5000,1,1,2026-05-25,2026-05-25,,,,0,0
jp_pullback,jp,pullback,8253.T,CREDIT SAISON CO,,1,2,0.5000,1,1,2026-05-25,2026-05-25,,,,0,0
jp_pullback,jp,pullback,8630.T,SOMPO HOLDINGS INC,,1,2,0.5000,1,1,2026-05-25,2026-05-25,,,,0,0
jp_pullback,jp,pullback,8593.T,MITSUBISHI HC CAPITAL INC,,1,2,0.5000,1,1,2026-05-25,2026-05-25,,,,0,0
jp_pullback,jp,pullback,8601.T,DAIWA SECURITIES GROUP,,1,2,0.5000,1,1,2026-05-25,2026-05-25,,,,0,0
jp_pullback,jp,pullback,5101.T,YOKOHAMA RUBBER CO,,1,2,0.5000,1,1,2026-05-25,2026-05-25,,,,0,0
jp_pullback,jp,pullback,5830.T,IYOGIN HOLDINGS INC,,1,2,0.5000,1,1,2026-05-25,2026-05-25,,,,0,0
jp_pullback,jp,pullback,7173.T,TOKYO KIRABOSHI FINANCIAL GP IN,,1,2,0.5000,1,1,2026-05-25,2026-05-25,,,,0,0
jp_pullback,jp,pullback,6592.T,MABUCHI MOTOR CO,,1,2,0.5000,1,1,2026-05-25,2026-05-25,,,,0,0
jp_pullback,jp,pullback,7389.T,AICHI FINANCIAL GROUP INC,,1,2,0.5000,1,1,2026-05-25,2026-05-25,,,,0,0
jp_pullback,jp,pullback,9531.T,TOKYO GAS CO,,1,2,0.5000,1,1,2026-05-25,2026-05-25,,,,0,0
jp_pullback,jp,pullback,8012.T,NAGASE & CO,,1,2,0.5000,1,1,2026-05-25,2026-05-25,,,,0,0
jp_pullback,jp,pullback,2002.T,NISSHIN SEIFUN GROUP INC,,1,2,0.5000,1,1,2026-05-25,2026-05-25,,,,0,0
jp_pullback,jp,pullback,1417.T,MIRAIT ONE CORPORATION,,1,2,0.5000,1,1,2026-05-25,2026-05-25,,,,0,0
jp_pullback,jp,pullback,5214.T,NIPPON ELECTRIC GLASS,,1,2,0.5000,1,1,2026-05-25,2026-05-25,,,,0,0
jp_pullback,jp,pullback,6302.T,SUMITOMO HEAVY INDUSTRIES,,1,2,0.5000,1,1,2026-05-25,2026-05-25,,,,0,0
jp_pullback,jp,pullback,6432.T,TAKEUCHI MFG CO,,1,2,0.5000,1,1,2026-05-25,2026-05-25,,,,0,0
jp_pullback,jp,pullback,1878.T,DAITO TRUST CONSTRUCTION CO,,1,2,0.5000,1,1,2026-05-25,2026-05-25,,,,0,0
jp_pullback,jp,pullback,8020.T,KANEMATSU CORP,,1,2,0.5000,1,1,2026-05-25,2026-05-25,,,,0,0
jp_pullback,jp,pullback,9508.T,KYUSHU ELECTRIC POWER CO INC,,1,2,0.5000,0,1,2026-03-09,2026-03-09,,,,0,0
jp_pullback,jp,pullback,9502.T,CHUBU ELECTRIC POWER CO INC,,1,2,0.5000,0,1,2026-03-09,2026-03-09,,,,0,0
jp_pullback,jp,pullback,6995.T,TOKAI RIKA CO,,1,2,0.5000,0,1,2026-03-09,2026-03-09,,,,0,0
jp_pullback,jp,pullback,8439.T,TOKYO CENTURY CORPORATION,,1,2,0.5000,0,1,2026-03-09,2026-03-09,,,,0,0
jp_pullback,jp,pullback,6724.T,SEIKO EPSON CORP,,1,2,0.5000,0,1,2026-03-09,2026-03-09,,,,0,0
jp_pullback,jp,pullback,4202.T,DAICEL CORPORATION,,1,2,0.5000,0,1,2026-03-09,2026-03-09,,,,0,0
jp_pullback,jp,pullback,8425.T,MIZUHO LEASING COMPANY LTD,,1,2,0.5000,0,1,2026-03-09,2026-03-09,,,,0,0
jp_pullback,jp,pullback,6371.T,TSUBAKIMOTO CHAIN CO,,1,2,0.5000,0,1,2026-03-09,2026-03-09,,,,0,0
jp_pullback,jp,pullback,4540.T,TSUMURA & CO,,1,2,0.5000,0,1,2026-03-09,2026-03-09,,,,0,0
jp_pullback,jp,pullback,4205.T,ZEON CORPORATION,,1,2,0.5000,0,1,2026-03-09,2026-03-09,,,,0,0
jp_pullback,jp,pullback,8088.T,IWATANI CORPORATION,,1,2,0.5000,0,1,2026-03-09,2026-03-09,,,,0,0
jp_pullback,jp,pullback,5076.T,INFRONEER HLDGS INC,,1,2,0.5000,0,1,2026-03-09,2026-03-09,,,,0,0
jp_pullback,jp,pullback,2432.T,DENA CO LTD,,1,2,0.5000,0,1,2026-03-09,2026-03-09,,,,0,0
jp_pullback,jp,pullback,1928.T,SEKISUI HOUSE,,1,2,0.5000,0,1,2026-03-09,2026-03-09,,,,0,0
jp_pullback,jp,pullback,8424.T,FUYO GENERAL LEASE CO LTD,,1,2,0.5000,0,1,2026-03-09,2026-03-09,,,,0,0
jp_pullback,jp,pullback,8418.T,YAMAGUCHI FINANCIAL GROUP INC,,1,2,0.5000,0,1,2026-03-09,2026-03-09,,,,0,0
jp_pullback,jp,pullback,8304.T,AOZORA BANK,,1,2,0.5000,0,1,2026-03-09,2026-03-09,,,,0,0
jp_pullback,jp,pullback,5901.T,TOYO SEIKAN GROUP HOLDINGS LIMI,,1,2,0.5000,0,1,2026-03-09,2026-03-09,,,,0,0
jp_pullback,jp,pullback,8984.T,DAIWA HOUSE REIT INVESTMENT COR,,1,2,0.5000,0,1,2026-03-09,2026-03-09,,,,0,0
jp_high-dividend,jp,high-dividend,7181.T,JAPAN POST INSURANCE CO LTD,,2,2,1.0000,2,2,2026-03-08,2026-05-25,43.97,42.47,2.99,0,0
jp_high-dividend,jp,high-dividend,9503.T,KANSAI ELECTRIC POWER CO INC,,2,2,1.0000,2,2,2026-03-08,2026-05-25,43.29,42.67,1.24,0,0
jp_high-dividend,jp,high-dividend,9104.T,MITSUI O.S.K. LINES LTD,,2,2,1.0000,2,2,2026-03-08,2026-05-25,42.02,42.05,-0.05,0,0
jp_high-dividend,jp,high-dividend,9201.T,JAPAN AIRLINES CO LTD,,2,2,1.0000,2,2,2026-03-08,2026-05-25,40.52,39.31,2.41,0,0
jp_high-dividend,jp,high-dividend,9101.T,NIPPON YUSEN KABUSHIKI KAISHA,,2,2,1.0000,2,2,2026-03-08,2026-05-25,40.45,41.12,-1.33,0,0
jp_high-dividend,jp,high-dividend,9107.T,KAWASAKI KISEN KAISHA,,2,2,1.0000,2,2,2026-03-08,2026-05-25,39.67,40.41,-1.47,0,0
jp_high-dividend,jp,high-dividend,1928.T,SEKISUI HOUSE,,2,2,1.0000,2,2,2026-03-08,2026-05-25,39.33,37.63,3.39,0,0
jp_high-dividend,jp,high-dividend,7259.T,AISIN CORPORATION,,2,2,1.0000,2,2,2026-03-08,2026-05-25,38.88,37.48,2.79,0,0
jp_high-dividend,jp,high-dividend,8604.T,NOMURA HOLDINGS INC.,,2,2,1.0000,2,2,2026-03-08,2026-05-25,36.69,37.49,-1.61,0,0
jp_high-dividend,jp,high-dividend,7270.T,SUBARU CORPORATION,,2,2,1.0000,2,2,2026-03-08,2026-05-25,36.50,40.38,-7.75,0,0
jp_high-dividend,jp,high-dividend,8439.T,TOKYO CENTURY CORPORATION,,2,2,1.0000,2,2,2026-03-08,2026-05-25,36.41,37.42,-2.02,0,0
jp_high-dividend,jp,high-dividend,8473.T,SBI HOLDINGS INC,,1,2,0.5000,1,1,2026-05-25,2026-05-25,39.07,39.07,,0,0
jp_high-dividend,jp,high-dividend,8630.T,SOMPO HOLDINGS INC,,1,2,0.5000,1,1,2026-05-25,2026-05-25,38.82,38.82,,0,0
jp_high-dividend,jp,high-dividend,6902.T,DENSO CORP,,1,2,0.5000,1,1,2026-05-25,2026-05-25,38.34,38.34,,0,0
jp_high-dividend,jp,high-dividend,9021.T,WEST JAPAN RAILWAY CO,,1,2,0.5000,1,1,2026-05-25,2026-05-25,37.28,37.28,,0,0
jp_high-dividend,jp,high-dividend,8593.T,MITSUBISHI HC CAPITAL INC,,1,2,0.5000,1,1,2026-05-25,2026-05-25,37.21,37.21,,0,0
jp_high-dividend,jp,high-dividend,7202.T,ISUZU MOTORS,,1,2,0.5000,1,1,2026-05-25,2026-05-25,36.93,36.93,,0,0
jp_high-dividend,jp,high-dividend,7203.T,TOYOTA MOTOR CORP,,1,2,0.5000,1,1,2026-05-25,2026-05-25,36.82,36.82,,0,0
jp_high-dividend,jp,high-dividend,8601.T,DAIWA SECURITIES GROUP,,1,2,0.5000,1,1,2026-05-25,2026-05-25,35.85,35.85,,0,0
jp_high-dividend,jp,high-dividend,7751.T,CANON INC,,1,2,0.5000,1,1,2026-05-25,2026-05-25,35.65,35.65,,0,0
jp_high-dividend,jp,high-dividend,7267.T,HONDA MOTOR CO,,1,2,0.5000,0,1,2026-03-08,2026-03-08,45.16,45.16,,0,0
jp_high-dividend,jp,high-dividend,9508.T,KYUSHU ELECTRIC POWER CO INC,,1,2,0.5000,0,1,2026-03-08,2026-03-08,42.82,42.82,,0,0
jp_high-dividend,jp,high-dividend,9502.T,CHUBU ELECTRIC POWER CO INC,,1,2,0.5000,0,1,2026-03-08,2026-03-08,41.42,41.42,,0,0
jp_high-dividend,jp,high-dividend,1911.T,SUMITOMO FORESTRY CO,,1,2,0.5000,0,1,2026-03-08,2026-03-08,38.33,38.33,,0,0
jp_high-dividend,jp,high-dividend,4005.T,SUMITOMO CHEMICAL COMPANY,,1,2,0.5000,0,1,2026-03-08,2026-03-08,37.66,37.66,,0,0
jp_high-dividend,jp,high-dividend,5101.T,YOKOHAMA RUBBER CO,,1,2,0.5000,0,1,2026-03-08,2026-03-08,36.75,36.75,,0,0
jp_high-dividend,jp,high-dividend,6178.T,JAPAN POST HLDGS CO LTD,,1,2,0.5000,0,1,2026-03-08,2026-03-08,36.20,36.20,,0,0
jp_high-dividend,jp,high-dividend,9022.T,CENTRAL JAPAN RAILWAY CO,,1,2,0.5000,0,1,2026-03-08,2026-03-08,34.49,34.49,,0,0
jp_high-dividend,jp,high-dividend,2502.T,ASAHI GROUP HLDGS,,1,2,0.5000,0,1,2026-03-08,2026-03-08,33.54,33.54,,0,0
us_alpha,us,alpha,NWWCF,NEW CHINA LIFE INSURANCE CO LTD,,1,1,1.0000,1,1,2026-09-20,2026-09-20,149.63,149.63,,0,0
us_alpha,us,alpha,CILJF,China Life Insurance Company Li,,1,1,1.0000,1,1,2026-09-20,2026-09-20,132.58,132.58,,0,0
us_alpha,us,alpha,DB,Deutsche Bank AG,,1,1,1.0000,1,1,2026-09-20,2026-09-20,123.54,123.54,,0,0
us_alpha,us,alpha,CIIHY,"Citic Securities Co., Ltd.",,1,1,1.0000,1,1,2026-09-20,2026-09-20,120.95,120.95,,0,0
us_alpha,us,alpha,BCS,Barclays PLC,,1,1,1.0000,1,1,2026-09-20,2026-09-20,120.57,120.57,,0,0
us_alpha,us,alpha,ALMMF,Aluminum Corporation of China L,,1,1,1.0000,1,1,2026-09-20,2026-09-20,120.52,120.52,,0,0
us_alpha,us,alpha,BCLYF,Barclays Plc,,1,1,1.0000,1,1,2026-09-20,2026-09-20,119.55,119.55,,0,0
us_alpha,us,alpha,ORXCF,ORIX Corp.,,1,1,1.0000,1,1,2026-09-20,2026-09-20,118.95,118.95,,0,0
us_alpha,us,alpha,CHHQY,China Hongqiao Group Limited,,1,1,1.0000,1,1,2026-09-20,2026-09-20,117.57,117.57,,0,0
us_alpha,us,alpha,BCE,"BCE, Inc.",,1,1,1.0000,1,1,2026-09-20,2026-09-20,116.52,116.52,,0,0
us_alpha,us,alpha,CHHQF,CHINA HONGQIAO GROUP LTD,,1,1,1.0000,1,1,2026-09-20,2026-09-20,114.55,114.55,,0,0
us_alpha,us,alpha,IDDTF,INDUSTRIVARDEN AB,,1,1,1.0000,1,1,2026-09-20,2026-09-20,114.08,114.08,,0,0
us_alpha,us,alpha,CNGKY,CK Asset Hldgs Ltd,,1,1,1.0000,1,1,2026-09-20,2026-09-20,113.99,113.99,,0,0
us_alpha,us,alpha,PPCCY,"PICC Property and Casualty Co.,",,1,1,1.0000,1,1,2026-09-20,2026-09-20,113.19,113.19,,0,0
us_alpha,us,alpha,CJPRY,Central Japan Railway Co.,,1,1,1.0000,1,1,2026-09-20,2026-09-20,112.62,112.62,,0,0
us_alpha,us,alpha,CHKGF,CK Asset Hldgs Ltd,,1,1,1.0000,1,1,2026-09-20,2026-09-20,112.58,112.58,,0,0
us_alpha,us,alpha,CJPRF,CENTRAL JAPAN RAILWAY CO,,1,1,1.0000,1,1,2026-09-20,2026-09-20,112.30,112.30,,0,0
us_alpha,us,alpha,RF,Regions Financial Corporation,,1,1,1.0000,1,1,2026-09-20,2026-09-20,111.49,111.49,,0,0
us_alpha,us,alpha,BNPQY,BNP Paribas,,1,1,1.0000,1,1,2026-09-20,2026-09-20,109.25,109.25,,0,0
us_alpha,us,alpha,BNPQF,BNP Paribas,,1,1,1.0000,1,1,2026-09-20,2026-09-20,109.22,109.22,,0,0
us_alpha,us,alpha,CIMDF,CIMB Group Holdings BHD,,1,1,1.0000,1,1,2026-09-20,2026-09-20,109.02,109.02,,0,0
us_alpha,us,alpha,IX,ORIX Corporation,,1,1,1.0000,1,1,2026-09-20,2026-09-20,108.96,108.96,,0,0
us_alpha,us,alpha,SGIOF,Shionogi & Co. Ltd.,,1,1,1.0000,1,1,2026-09-20,2026-09-20,108.88,108.88,,0,0
us_alpha,us,alpha,PIAIF,Ping An Insurance (Group) Compa,,1,1,1.0000,1,1,2026-09-20,2026-09-20,108.65,108.65,,0,0
us_alpha,us,alpha,PNGAY,Ping An Insurance (Group) Compa,,1,1,1.0000,1,1,2026-09-20,2026-09-20,108.49,108.49,,0,0
us_alpha,us,alpha,BOUYY,Bouygues SA,,1,1,1.0000,1,1,2026-09-20,2026-09-20,108.36,108.36,,0,0
us_alpha,us,alpha,SMMYY,"Sumitomo Metal Mining Co., Ltd.",,1,1,1.0000,1,1,2026-09-20,2026-09-20,108.25,108.25,,0,0
us_alpha,us,alpha,SGIOY,Shionogi & Co. Ltd.,,1,1,1.0000,1,1,2026-09-20,2026-09-20,108.05,108.05,,0,0
us_alpha,us,alpha,PINXY,Peoples Insurance Company Group,,1,1,1.0000,1,1,2026-09-20,2026-09-20,107.94,107.94,,0,0
us_alpha,us,alpha,PINXF,THE PEOPLE S INSURANCE COMPANY ,,1,1,1.0000,1,1,2026-09-20,2026-09-20,107.79,107.79,,0,0
jp_value,jp,value,9504.T,CHUGOKU ELECTRIC POWER CO INC,,1,1,1.0000,1,1,2026-09-20,2026-09-20,45.14,45.14,,0,0
jp_value,jp,value,543A.T,ARCHION CORPORATION,,1,1,1.0000,1,1,2026-09-20,2026-09-20,44.27,44.27,,0,0
jp_value,jp,value,5110.T,SUMITOMO RUBBER INDUSTRIES,,1,1,1.0000,1,1,2026-09-20,2026-09-20,43.72,43.72,,0,0
jp_value,jp,value,3291.T,IIDA GROUP HOLDINGS CO LTD,,1,1,1.0000,1,1,2026-09-20,2026-09-20,43.65,43.65,,0,0
jp_value,jp,value,5406.T,KOBE STEEL,,1,1,1.0000,1,1,2026-09-20,2026-09-20,43.23,43.23,,0,0
jp_value,jp,value,1911.T,SUMITOMO FORESTRY CO,,1,1,1.0000,1,1,2026-09-20,2026-09-20,43.05,43.05,,0,0
jp_value,jp,value,3309.T,SEKISUI HOUSE REIT INC,,1,1,1.0000,1,1,2026-09-20,2026-09-20,42.71,42.71,,0,0
jp_value,jp,value,7240.T,NOK CORP,,1,1,1.0000,1,1,2026-09-20,2026-09-20,42.25,42.25,,0,0
jp_value,jp,value,9506.T,TOHOKU ELECTRIC POWER CO INC,,1,1,1.0000,1,1,2026-09-20,2026-09-20,42.11,42.11,,0,0
jp_value,jp,value,8425.T,MIZUHO LEASING COMPANY LTD,,1,1,1.0000,1,1,2026-09-20,2026-09-20,41.16,41.16,,0,0
jp_value,jp,value,7181.T,JAPAN POST INSURANCE CO LTD,,1,1,1.0000,1,1,2026-09-20,2026-09-20,41.12,41.12,,0,0
jp_value,jp,value,6995.T,TOKAI RIKA CO,,1,1,1.0000,1,1,2026-09-20,2026-09-20,40.83,40.83,,0,0
jp_value,jp,value,4902.T,KONICA MINOLTA INC,,1,1,1.0000,1,1,2026-09-20,2026-09-20,40.81,40.81,,0,0
jp_value,jp,value,3231.T,NOMURA REAL ESTATE HOLDINGS INC,,1,1,1.0000,1,1,2026-09-20,2026-09-20,40.76,40.76,,0,0
jp_value,jp,value,1928.T,SEKISUI HOUSE,,1,1,1.0000,1,1,2026-09-20,2026-09-20,40.53,40.53,,0,0
jp_value,jp,value,9409.T,TV ASAHI HOLDINGS CORP,,1,1,1.0000,1,1,2026-09-20,2026-09-20,39.97,39.97,,0,0
jp_value,jp,value,4631.T,DIC CORPORATION,,1,1,1.0000,1,1,2026-09-20,2026-09-20,39.78,39.78,,0,0
jp_value,jp,value,4540.T,TSUMURA & CO,,1,1,1.0000,1,1,2026-09-20,2026-09-20,39.64,39.64,,0,0
jp_value,jp,value,9508.T,KYUSHU ELECTRIC POWER CO INC,,1,1,1.0000,1,1,2026-09-20,2026-09-20,39.45,39.45,,0,0
jp_value,jp,value,4208.T,UBE CORPORATION,,1,1,1.0000,1,1,2026-09-20,2026-09-20,39.04,39.04,,0,0
jp_value,jp,value,5101.T,YOKOHAMA RUBBER CO,,1,1,1.0000,1,1,2026-09-20,2026-09-20,39.01,39.01,,0,0
jp_value,jp,value,8078.T,HANWA CO LTD,,1,1,1.0000,1,1,2026-09-20,2026-09-20,38.84,38.84,,0,0
jp_value,jp,value,8572.T,ACOM CO,,1,1,1.0000,1,1,2026-09-20,2026-09-20,38.80,38.80,,0,0
jp_value,jp,value,3861.T,OJI HOLDINGS CORP,,1,1,1.0000,1,1,2026-09-20,2026-09-20,38.62,38.62,,0,0
jp_value,jp,value,9502.T,CHUBU ELECTRIC POWER CO INC,,1,1,1.0000,1,1,2026-09-20,2026-09-20,38.60,38.60,,0,0
jp_value,jp,value,8473.T,SBI HOLDINGS INC,,1,1,1.0000,1,1,2026-09-20,2026-09-20,38.59,38.59,,0,0
jp_value,jp,value,4118.T,KANEKA CORP,,1,1,1.0000,1,1,2026-09-20,2026-09-20,38.56,38.56,,0,0
jp_value,jp,value,3289.T,TOKYU FUDOSAN HOLDINGS CORPORAT,,1,1,1.0000,1,1,2026-09-20,2026-09-20,38.28,38.28,,0,0
jp_value,jp,value,7203.T,TOYOTA MOTOR CORP,,1,1,1.0000,1,1,2026-09-20,2026-09-20,38.19,38.19,,0,0
jp_value,jp,value,8253.T,CREDIT SAISON CO,,1,1,1.0000,1,1,2026-09-20,2026-09-20,37.74,37.74,,0,0
jp_tier-master,jp,tier-master,4404.T,MIYOSHI OIL & FAT CO,,1,1,1.0000,1,1,2026-04-29,2026-04-29,48.94,48.94,,0,0
jp_tier-master,jp,tier-master,8881.T,NISSHIN GROUP HLDGS CO LTD,,1,1,1.0000,1,1,2026-04-29,2026-04-29,48.46,48.46,,0,0
jp_tier-master,jp,tier-master,9405.T,ASAHI BROADCASTING GP HLDGS COR,,1,1,1.0000,1,1,2026-04-29,2026-04-29,47.27,47.27,,0,0
jp_tier-master,jp,tier-master,5851.T,RYOBI LTD,,1,1,1.0000,1,1,2026-04-29,2026-04-29,47.11,47.11,,0,0
jp_tier-master,jp,tier-master,5975.T,TOPRE CORPORATION,,1,1,1.0000,1,1,2026-04-29,2026-04-29,45.76,45.76,,0,0
jp_tier-master,jp,tier-master,8699.T,HS HOLDINGS CO LTD,,1,1,1.0000,1,1,2026-04-29,2026-04-29,45.11,45.11,,0,0
jp_tier-master,jp,tier-master,9628.T,SAN HOLDINGS INC (JAPAN),,1,1,1.0000,1,1,2026-04-29,2026-04-29,44.57,44.57,,0,0
jp_tier-master,jp,tier-master,8935.T,FJ NEXT HOLDINGS CO LTD,,1,1,1.0000,1,1,2026-04-29,2026-04-29,44.42,44.42,,0,0
jp_tier-master,jp,tier-master,6349.T,KOMORI CORP,,1,1,1.0000,1,1,2026-04-29,2026-04-29,44.07,44.07,,0,0
jp_tier-master,jp,tier-master,7971.T,TOLI CORP,,1,1,1.0000,1,1,2026-04-29,2026-04-29,44.01,44.01,,0,0
jp_tier-master,jp,tier-master,9997.T,BELLUNA CO,,1,1,1.0000,1,1,2026-04-29,2026-04-29,43.82,43.82,,0,0
jp_tier-master,jp,tier-master,5351.T,SHINAGAWA REFRA CO LTD,,1,1,1.0000,1,1,2026-04-29,2026-04-29,43.22,43.22,,0,0
jp_tier-master,jp,tier-master,6995.T,TOKAI RIKA CO,,1,1,1.0000,1,1,2026-04-29,2026-04-29,43.03,43.03,,0,0
jp_tier-master,jp,tier-master,5363.T,TYK CORPORATION,,1,1,1.0000,1,1,2026-04-29,2026-04-29,42.87,42.87,,0,0
jp_tier-master,jp,tier-master,7460.T,YAGI & CO,,1,1,1.0000,1,1,2026-04-29,2026-04-29,42.76,42.76,,0,0
jp_tier-master,jp,tier-master,256A.T,TOBISHIMA HOLDINGS INC,,1,1,1.0000,1,1,2026-04-29,2026-04-29,42.75,42.75,,0,0
jp_tier-master,jp,tier-master,7888.T,SANKO GOSEI LTD,,1,1,1.0000,1,1,2026-04-29,2026-04-29,42.73,42.73,,0,0
jp_tier-master,jp,tier-master,8037.T,KAMEI CORP,,1,1,1.0000,1,1,2026-04-29,2026-04-29,42.68,42.68,,0,0
jp_tier-master,jp,tier-master,3388.T,MEIJI ELECTRIC INDUSTRIES CO LT,,1,1,1.0000,1,1,2026-04-29,2026-04-29,42.40,42.40,,0,0
jp_tier-master,jp,tier-master,4064.T,NIPPON CARBIDE INDUSTRIES CO IN,,1,1,1.0000,1,1,2026-04-29,2026-04-29,42.16,42.16,,0,0
jp_peg-growth,jp,peg-growth,8273.T,IZUMI CO LTD,,1,1,1.0000,1,1,2026-03-10,2026-03-10,,,,0,0
jp_peg-growth,jp,peg-growth,8584.T,JACCS CO LTD,,1,1,1.0000,1,1,2026-03-10,2026-03-10,,,,0,0
jp_peg-growth,jp,peg-growth,3468.T,STAR ASIA INVESTOMENT CORPORATI,,1,1,1.0000,1,1,2026-03-10,2026-03-10,,,,0,0
jp_peg-growth,jp,peg-growth,8985.T,JAPAN HOTEL REIT INVESTMENT COR,,1,1,1.0000,1,1,2026-03-10,2026-03-10,,,,0,0
jp_peg-growth,jp,peg-growth,8963.T,INVINCIBLE INVESTMENT CORP,,1,1,1.0000,1,1,2026-03-10,2026-03-10,,,,0,0
jp_peg-growth,jp,peg-growth,5076.T,INFRONEER HLDGS INC,,1,1,1.0000,1,1,2026-03-10,2026-03-10,,,,0,0
jp_peg-growth,jp,peg-growth,8604.T,NOMURA HOLDINGS INC.,,1,1,1.0000,1,1,2026-03-10,2026-03-10,,,,0,0
jp_peg-growth,jp,peg-growth,2121.T,MIXI. INC,,1,1,1.0000,1,1,2026-03-10,2026-03-10,,,,0,0
jp_peg-growth,jp,peg-growth,4202.T,DAICEL CORPORATION,,1,1,1.0000,1,1,2026-03-10,2026-03-10,,,,0,0
jp_peg-growth,jp,peg-growth,3287.T,HOSHINO RESORTS REIT INC,,1,1,1.0000,1,1,2026-03-10,2026-03-10,,,,0,0
jp_peg-growth,jp,peg-growth,8984.T,DAIWA HOUSE REIT INVESTMENT COR,,1,1,1.0000,1,1,2026-03-10,2026-03-10,,,,0,0
jp_peg-growth,jp,peg-growth,8585.T,ORIENT CORP,,1,1,1.0000,1,1,2026-03-10,2026-03-10,,,,0,0
jp_peg-growth,jp,peg-growth,7296.T,F.C.C. CO LTD,,1,1,1.0000,1,1,2026-03-10,2026-03-10,,,,0,0
jp_peg-growth,jp,peg-growth,3481.T,MITSUBISHI ESTATE LOGISTICS REI,,1,1,1.0000,1,1,2026-03-10,2026-03-10,,,,0,0
jp_peg-growth,jp,peg-growth,9104.T,MITSUI O.S.K. LINES LTD,,1,1,1.0000,1,1,2026-03-10,2026-03-10,,,,0,0
jp_peg-growth,jp,peg-growth,9201.T,JAPAN AIRLINES CO LTD,,1,1,1.0000,1,1,2026-03-10,2026-03-10,,,,0,0
jp_peg-growth,jp,peg-growth,8214.T,AOKI HOLDINGS INC,,1,1,1.0000,1,1,2026-03-10,2026-03-10,,,,0,0
jp_peg-growth,jp,peg-growth,6995.T,TOKAI RIKA CO,,1,1,1.0000,1,1,2026-03-10,2026-03-10,,,,0,0
jp_peg-growth,jp,peg-growth,9508.T,KYUSHU ELECTRIC POWER CO INC,,1,1,1.0000,1,1,2026-03-10,2026-03-10,,,,0,0
jp_peg-growth,jp,peg-growth,6724.T,SEIKO EPSON CORP,,1,1,1.0000,1,1,2026-03-10,2026-03-10,,,,0,0
jp_long-term,jp,long-term,7181.T,JAPAN POST INSURANCE CO LTD,,1,1,1.0000,1,1,2026-05-25,2026-05-25,43.97,43.97,,0,0
jp_long-term,jp,long-term,9201.T,JAPAN AIRLINES CO LTD,,1,1,1.0000,1,1,2026-05-25,2026-05-25,40.52,40.52,,0,0
jp_long-term,jp,long-term,9502.T,CHUBU ELECTRIC POWER CO INC,,1,1,1.0000,1,1,2026-05-25,2026-05-25,40.04,40.04,,0,0
jp_long-term,jp,long-term,1928.T,SEKISUI HOUSE,,1,1,1.0000,1,1,2026-05-25,2026-05-25,39.33,39.33,,0,0
jp_long-term,jp,long-term,8473.T,SBI HOLDINGS INC,,1,1,1.0000,1,1,2026-05-25,2026-05-25,39.07,39.07,,0,0
jp_long-term,jp,long-term,7259.T,AISIN CORPORATION,,1,1,1.0000,1,1,2026-05-25,2026-05-25,38.88,38.88,,0,0
jp_long-term,jp,long-term,3289.T,TOKYU FUDOSAN HOLDINGS CORPORAT,,1,1,1.0000,1,1,2026-05-25,2026-05-25,38.50,38.50,,0,0
jp_long-term,jp,long-term,6902.T,DENSO CORP,,1,1,1.0000,1,1,2026-05-25,2026-05-25,38.34,38.34,,0,0
jp_long-term,jp,long-term,1925.T,DAIWA HOUSE INDUSTRY CO,,1,1,1.0000,1,1,2026-05-25,2026-05-25,38.30,38.30,,0,0
jp_long-term,jp,long-term,9021.T,WEST JAPAN RAILWAY CO,,1,1,1.0000,1,1,2026-05-25,2026-05-25,37.28,37.28,,0,0
jp_long-term,jp,long-term,8593.T,MITSUBISHI HC CAPITAL INC,,1,1,1.0000,1,1,2026-05-25,2026-05-25,37.21,37.21,,0,0
jp_long-term,jp,long-term,9202.T,ANA HOLDINGS INC,,1,1,1.0000,1,1,2026-05-25,2026-05-25,37.00,37.00,,0,0
jp_long-term,jp,long-term,7202.T,ISUZU MOTORS,,1,1,1.0000,1,1,2026-05-25,2026-05-25,36.93,36.93,,0,0
jp_long-term,jp,long-term,7269.T,SUZUKI MOTOR CORP,,1,1,1.0000,1,1,2026-05-25,2026-05-25,36.86,36.86,,0,0
jp_long-term,jp,long-term,8604.T,NOMURA HOLDINGS INC.,,1,1,1.0000,1,1,2026-05-25,2026-05-25,36.69,36.69,,0,0
jp_long-term,jp,long-term,8439.T,TOKYO CENTURY CORPORATION,,1,1,1.0000,1,1,2026-05-25,2026-05-25,36.41,36.41,,0,0
jp_long-term,jp,long-term,8601.T,DAIWA SECURITIES GROUP,,1,1,1.0000,1,1,2026-05-25,2026-05-25,35.85,35.85,,0,0
jp_long-term,jp,long-term,7751.T,CANON INC,,1,1,1.0000,1,1,2026-05-25,2026-05-25,35.65,35.65,,0,0
jp_long-term,jp,long-term,5101.T,YOKOHAMA RUBBER CO,,1,1,1.0000,1,1,2026-05-25,2026-05-25,35.35,35.35,,0,0
jp_long-term,jp,long-term,8725.T,MS&AD INS GP HLDGS,,1,1,1.0000,1,1,2026-05-25,2026-05-25,34.50,34.50,,0,0
jp_growth-value,jp,growth-value,9508.T,KYUSHU ELECTRIC POWER CO INC,,1,1,1.0000,1,1,2026-03-09,2026-03-09,43.62,43.62,,0,0
jp_growth-value,jp,growth-value,9104.T,MITSUI O.S.K. LINES LTD,,1,1,1.0000,1,1,2026-03-09,2026-03-09,42.06,42.06,,0,0
jp_growth-value,jp,growth-value,9502.T,CHUBU ELECTRIC POWER CO INC,,1,1,1.0000,1,1,2026-03-09,2026-03-09,41.69,41.69,,0,0
jp_growth-value,jp,growth-value,8604.T,NOMURA HOLDINGS INC.,,1,1,1.0000,1,1,2026-03-09,2026-03-09,39.43,39.43,,0,0
jp_growth-value,jp,growth-value,8439.T,TOKYO CENTURY CORPORATION,,1,1,1.0000,1,1,2026-03-09,2026-03-09,39.21,39.21,,0,0
jp_growth-value,jp,growth-value,9201.T,JAPAN AIRLINES CO LTD,,1,1,1.0000,1,1,2026-03-09,2026-03-09,38.81,38.81,,0,0
jp_growth-value,jp,growth-value,1911.T,SUMITOMO FORESTRY CO,,1,1,1.0000,1,1,2026-03-09,2026-03-09,38.80,38.80,,0,0
jp_growth-value,jp,growth-value,5101.T,YOKOHAMA RUBBER CO,,1,1,1.0000,1,1,2026-03-09,2026-03-09,38.50,38.50,,0,0
jp_growth-value,jp,growth-value,6724.T,SEIKO EPSON CORP,,1,1,1.0000,1,1,2026-03-09,2026-03-09,38.44,38.44,,0,0
jp_growth-value,jp,growth-value,7752.T,RICOH CO,,1,1,1.0000,1,1,2026-03-09,2026-03-09,37.61,37.61,,0,0
jp_growth-value,jp,growth-value,7259.T,AISIN CORPORATION,,1,1,1.0000,1,1,2026-03-09,2026-03-09,36.94,36.94,,0,0
jp_growth-value,jp,growth-value,1928.T,SEKISUI HOUSE,,1,1,1.0000,1,1,2026-03-09,2026-03-09,35.83,35.83,,0,0
jp_growth-value,jp,growth-value,9022.T,CENTRAL JAPAN RAILWAY CO,,1,1,1.0000,1,1,2026-03-09,2026-03-09,34.59,34.59,,0,0
jp_growth-value,jp,growth-value,8309.T,SUMITOMO MITSUI TRUST GP INC,,1,1,1.0000,1,1,2026-03-09,2026-03-09,34.45,34.45,,0,0
jp_growth-value,jp,growth-value,3289.T,TOKYU FUDOSAN HOLDINGS CORPORAT,,1,1,1.0000,1,1,2026-03-09,2026-03-09,34.30,34.30,,0,0
jp_growth-value,jp,growth-value,2502.T,ASAHI GROUP HLDGS,,1,1,1.0000,1,1,2026-03-09,2026-03-09,33.84,33.84,,0,0
jp_growth-value,jp,growth-value,7751.T,CANON INC,,1,1,1.0000,1,1,2026-03-09,2026-03-09,33.72,33.72,,0,0
jp_growth-value,jp,growth-value,9202.T,ANA HOLDINGS INC,,1,1,1.0000,1,1,2026-03-09,2026-03-09,33.67,33.67,,0,0
jp_growth-value,jp,growth-value,8591.T,ORIX CORPORATION,,1,1,1.0000,1,1,2026-03-09,2026-03-09,33.51,33.51,,0,0
jp_growth-value,jp,growth-value,8572.T,ACOM CO,,1,1,1.0000,1,1,2026-03-09,2026-03-09,33.50,33.50,,0,0
jp_earnings-catalyst,jp,earnings-catalyst,7013.T,IHI CORPORATION,,1,1,1.0000,1,1,2026-05-17,2026-05-17,95.00,95.00,,0,0
jp_earnings-catalyst,jp,earnings-catalyst,4543.T,TERUMO CORP,,1,1,1.0000,1,1,2026-05-17,2026-05-17,83.00,83.00,,0,0
jp_earnings-catalyst,jp,earnings-catalyst,6857.T,ADVANTEST CORP,,1,1,1.0000,1,1,2026-05-17,2026-05-17,82.00,82.00,,0,0
jp_earnings-catalyst,jp,earnings-catalyst,6326.T,KUBOTA CORP,,1,1,1.0000,1,1,2026-05-17,2026-05-17,82.00,82.00,,0,0
jp_earnings-catalyst,jp,earnings-catalyst,7011.T,MITSUBISHI HEAVY INDUSTRIES,,1,1,1.0000,1,1,2026-05-17,2026-05-17,80.00,80.00,,0,0
jp_earnings-catalyst,jp,earnings-catalyst,6981.T,MURATA MANUFACTURING CO,,1,1,1.0000,1,1,2026-05-17,2026-05-17,80.00,80.00,,0,0
jp_earnings-catalyst,jp,earnings-catalyst,5802.T,SUMITOMO ELECTRIC INDUSTRIES,,1,1,1.0000,1,1,2026-05-17,2026-05-17,78.00,78.00,,0,0
jp_earnings-catalyst,jp,earnings-catalyst,7203.T,TOYOTA MOTOR CORP,,1,1,1.0000,1,1,2026-05-17,2026-05-17,77.00,77.00,,0,0
jp_earnings-catalyst,jp,earnings-catalyst,1925.T,DAIWA HOUSE INDUSTRY CO,,1,1,1.0000,1,1,2026-05-17,2026-05-17,77.00,77.00,,0,0
jp_earnings-catalyst,jp,earnings-catalyst,6273.T,SMC CORP,,1,1,1.0000,1,1,2026-05-17,2026-05-17,76.00,76.00,,0,0
jp_earnings-catalyst,jp,earnings-catalyst,7269.T,SUZUKI MOTOR CORP,,1,1,1.0000,1,1,2026-05-17,2026-05-17,76.00,76.00,,0,0
jp_earnings-catalyst,jp,earnings-catalyst,4452.T,KAO CORP,,1,1,1.0000,1,1,2026-05-17,2026-05-17,75.00,75.00,,0,0
jp_earnings-catalyst,jp,earnings-catalyst,8411.T,MIZUHO FINANCIAL GROUP,,1,1,1.0000,1,1,2026-05-17,2026-05-17,74.00,74.00,,0,0
jp_earnings-catalyst,jp,earnings-catalyst,9022.T,CENTRAL JAPAN RAILWAY CO,,1,1,1.0000,1,1,2026-05-17,2026-05-17,74.00,74.00,,0,0
jp_earnings-catalyst,jp,earnings-catalyst,7936.T,ASICS CORP,,1,1,1.0000,1,1,2026-05-17,2026-05-17,73.00,73.00,,0,0
jp_earnings-catalyst,jp,earnings-catalyst,9983.T,FAST RETAILING CO LTD,,1,1,1.0000,1,1,2026-05-17,2026-05-17,70.00,70.00,,0,0
jp_earnings-catalyst,jp,earnings-catalyst,6178.T,JAPAN POST HLDGS CO LTD,,1,1,1.0000,1,1,2026-05-17,2026-05-17,70.00,70.00,,0,0
jp_earnings-catalyst,jp,earnings-catalyst,6701.T,NEC CORP,,1,1,1.0000,1,1,2026-05-17,2026-05-17,70.00,70.00,,0,0
jp_earnings-catalyst,jp,earnings-catalyst,4062.T,IBIDEN CO LTD,,1,1,1.0000,1,1,2026-05-17,2026-05-17,70.00,70.00,,0,0
jp_earnings-catalyst,jp,earnings-catalyst,6971.T,KYOCERA CORP,,1,1,1.0000,1,1,2026-05-17,2026-05-17,70.00,70.00,,0,0
